clade	gene	site	alt
A	nuc	423	C
A.1	clade	A	
A.1	NA	219	N
A.1	NA	119	V
A.1	nuc	423	T
A.1.1	clade	A.1	
A.1.1	nuc	437	T
A.1.1	NA	394	T
A.1.1.1	clade	A.1.1	
A.1.1.1	NA	345	E
A.1.1.1	nuc	482	T
A.1.1.1	NA	377	E
A.1.1.2	clade	A.1.1	
A.1.1.2	NA	415	R
A.1.1.2	nuc	389	A
A.1.1.3	clade	A.1.1	
A.1.1.3	nuc	389	A
A.1.1.3	NA	282	G
A.1.2	clade	A.1	
A.1.2	NA	58	S
A.1.2	NA	232	E
A.1.2	NA	52	N
B	clade	A.1	
B	NA	41	Q
B	NA	70	A
B	nuc	154	A
B	NA	394	V
B.1	clade	B	
B.1	NA	48	A
B.1	NA	232	R
B.2	clade	B	
B.2	nuc	683	C
B.2	NA	358	P
B.3	clade	B	
B.3	NA	14	L
B.3	nuc	428	T
B.4	clade	B	
B.4	nuc	1379	A
B.4	NA	232	R
B.5	clade	B	
B.5	NA	314	K
B.6	clade	B	
B.6	NA	294	K
B.6	NA	462	N
B.7	clade	B	
B.7	NA	377	E
B.7.1	clade	B.7	
B.7.1	NA	394	i
B.7.1	NA	51	S
